<?xml version="1.0" encoding="UTF-8"?>
<wls:weblogic-web-app xmlns:wls="http://xmlns.oracle.com/weblogic/weblogic-web-app" xmlns:xsi="http://www.w3.org/2001/XMLSchema-instance" xsi:schemaLocation="http://java.sun.com/xml/ns/javaee http://java.sun.com/xml/ns/javaee/web-app_3_0.xsd http://xmlns.oracle.com/weblogic/weblogic-web-app http://xmlns.oracle.com/weblogic/weblogic-web-app/1.8/weblogic-web-app.xsd">
    <wls:weblogic-version>12.2.1</wls:weblogic-version>
    <wls:context-root>WebNueva2</wls:context-root>
	<wls:work-manager>
	<wls:name>Trabajo2</wls:name>
	<wls:max-threads-constraint>
	<wls:name>
	5max
	</wls:name>
	<wls:count>
	5
	</wls:count>
	</wls:max-threads-constraint>
	<wls:capacity>
	<wls:name>7total</wls:name>
	<wls:count>7</wls:count>
	</wls:capacity>
	</wls:work-manager>
</wls:weblogic-web-app>