<?xml version="1.0" encoding="UTF-8"?>
<wls:weblogic-web-app xmlns:wls="http://xmlns.oracle.com/weblogic/weblogic-web-app" xmlns:xsi="http://www.w3.org/2001/XMLSchema-instance" xsi:schemaLocation="http://java.sun.com/xml/ns/javaee http://java.sun.com/xml/ns/javaee/web-app_3_0.xsd http://xmlns.oracle.com/weblogic/weblogic-web-app http://xmlns.oracle.com/weblogic/weblogic-web-app/1.8/weblogic-web-app.xsd">
    <wls:weblogic-version>12.2.1</wls:weblogic-version>
    <wls:context-root>WebLogicSecurity1</wls:context-root>
     <!--  
     <wls:security-role-assignment>
    	<wls:role-name>developers</wls:role-name>
    	<wls:principal-name>developers</wls:principal-name>
    </wls:security-role-assignment>
    -->
   
</wls:weblogic-web-app>